scenario,n,T,seed,solver,variant,knob_name,knob_value,wall_sec,infidelity,n_steps_eff
stiff,18,10000.0,20260518,kinema,chebyshev_adaptive,atol,0.01,643.0972568308935,0.0009056980434604123,1000
stiff,18,10000.0,20260518,kinema,chebyshev_adaptive,atol,0.001,787.2085579950362,0.00014633662162366612,1914
stiff,18,10000.0,20260518,kinema,chebyshev_adaptive,atol,0.0001,1197.0080764535815,4.171473300118578e-06,5930
stiff,18,10000.0,20260518,kinema,chebyshev_adaptive,atol,1e-05,2731.92389698606,5.18341283228807e-08,24689
