scenario,n,T,seed,solver,variant,knob_name,knob_value,wall_sec,infidelity,n_steps_eff
non-stiff,18,10000.0,20260518,kinema,chebyshev_adaptive,atol,0.01,343.0519659211859,0.0009132557073230352,1000
non-stiff,18,10000.0,20260518,kinema,chebyshev_adaptive,atol,0.001,413.7753247572109,0.00010445315588591964,1884
non-stiff,18,10000.0,20260518,kinema,chebyshev_adaptive,atol,0.0001,676.8771907621995,5.455445581947771e-07,4754
non-stiff,18,10000.0,20260518,kinema,chebyshev_adaptive,atol,1e-05,946.1002093655989,3.308229246101746e-10,8104
non-stiff,18,10000.0,20260518,kinema,chebyshev_adaptive,atol,1e-06,1362.5055466694757,0.0,13139
non-stiff,18,10000.0,20260518,kinema,chebyshev_adaptive,atol,1e-07,1975.5808232827112,0.0,21005
