scenario,n,T,seed,solver,variant,knob_name,knob_value,wall_sec,infidelity,n_steps_eff
stiff,18,10000.0,20260518,kinema,krylov_adaptive,atol,0.001,9324.572862907313,1.8633855074279282e-05,6581
stiff,18,10000.0,20260518,kinema,krylov_adaptive,atol,1e-05,17875.182379052974,4.090114624766272e-08,26600
stiff,18,10000.0,20260518,kinema,krylov_adaptive,atol,1e-07,50833.60354889557,4.327338487541965e-11,111299
stiff,18,10000.0,20260518,kinema,krylov_fixed,dt,5.0,739.8341378448531,0.000530517491417748,2000
stiff,18,10000.0,20260518,kinema,krylov_fixed,dt,2.0,1851.3144623469561,0.0008925883104580201,5000
stiff,18,10000.0,20260518,kinema,krylov_fixed,dt,0.5,6578.637258766219,4.4009781157150485e-06,20000
stiff,18,10000.0,20260518,kinema,krylov_fixed,dt,0.2,12127.569231592119,1.314082501702174e-07,50000
