scenario,n,T,seed,solver,variant,knob_name,knob_value,wall_sec,infidelity,n_steps_eff
non-stiff,18,10000.0,20260518,qutip,qutip,tol,0.001,3369.310824607499,4.3939625882227773e-07,
non-stiff,18,10000.0,20260518,qutip,qutip,tol,1e-05,16524.602739839815,1.1453932144966927e-06,
non-stiff,18,10000.0,20260518,qutip,qutip,tol,1e-07,14221.90449084714,0.05766520244537354,
non-stiff,18,10000.0,20260518,qutip,qutip,tol,1e-09,27387.637174087577,1.286319939453051e-10,
