scenario,n,T,seed,solver,variant,knob_name,knob_value,wall_sec,infidelity,n_steps_eff
stiff,18,10000.0,20260518,qutip,qutip,tol,0.001,18778.35801930912,0.999999999987948,
stiff,18,10000.0,20260518,qutip,qutip,tol,1e-05,49652.662073845975,3.0272273576770203e-10,
stiff,18,10000.0,20260518,qutip,qutip,tol,1e-07,48459.785098475404,2.88947869186984e-07,
stiff,18,10000.0,20260518,qutip,qutip,tol,1e-09,57410.30689514242,7.983835814684426e-12,
